z0_real,z0_imag,z1_real,z1_imag,target_real,target_imag
0.7148426400264607,0.0,10.279007734212481,0.0,0.6666608187172461,0.0
0.7148426400264607,0.0,42.15281722494951,0.0,0.6666608187172461,0.0
10.279007734212481,0.0,0.7148426400264607,0.0,0.6666608187172461,0.0
10.279007734212481,0.0,42.15281722494951,0.0,0.6666608187172461,0.0
42.15281722494951,0.0,0.7148426400264607,0.0,0.6666608187172461,0.0
42.15281722494951,0.0,10.279007734212481,0.0,0.6666608187172461,0.0
