z_real,z_imag,target_real,target_imag
1,0.0,-0.6713856887784326,0.0
2,0.0,4.66020746291799,0.0
3,0.0,7.482603040582787,0.0
206.76712328767124,0.0,16.817089098790436,0.0
