z_real,z_imag,target_real,target_imag
0.09965635738831614,0.0,0.28363608217189756,0.0
0.20103092783505153,0.0,0.3997329732416971,0.0
0.3006872852233677,0.0,0.4952136969602708,0.0
0.4003436426116838,0.0,0.6027819506813294,0.0
0.5,0.0,0.6760826987124899,0.0
0.6013745704467354,0.0,0.7988781108406071,0.0
0.6993127147766324,0.0,0.8958398678013862,0.0
0.7989690721649485,0.0,0.9253713933590222,0.0
0.8986254295532646,0.0,0.9623619717018584,0.0
1.0,0.0,1.0,0.0
