z_real,z_imag,target_real,target_imag
0.09951060358890701,0.0,0.4369040009382097,0.0
0.19902120717781402,0.0,0.6600588203239349,0.0
0.300163132137031,0.0,0.7898705579117228,0.0
0.39967373572593806,0.0,0.8393149607497018,0.0
0.5008156606851549,0.0,0.8611136809922605,0.0
0.600326264274062,0.0,0.8948247537633475,0.0
0.7014681892332789,0.0,0.9143397579430858,0.0
0.800978792822186,0.0,0.9430580081018998,0.0
0.9004893964110929,0.0,0.9690379900338066,0.0
1.0,0.0,1.0,0.0
