z_real,z_imag,target_real,target_imag
0.09133858267716535,0.0,0.6163430415985535,0.0
0.1837270341207349,0.0,0.8272057865514486,0.0
0.27506561679790026,0.0,0.9647607110277245,0.0
0.36640419947506564,0.0,0.9602404154188504,0.0
0.4624671916010499,0.0,0.9482905403989231,0.0
0.5721784776902887,0.0,0.9851528738931226,0.0
0.6887139107611547,0.0,1.0,0.0
0.8047244094488188,0.0,0.9634880260769285,0.0
0.9081364829396326,0.0,0.9538074024407962,0.0
1.0,0.0,0.8997397218567212,0.0
