z_real,z_imag,target_real,target_imag
0.01643489254108723,0.0,0.20222818089240152,0.0
0.02781289506953224,0.0,0.23014892149010543,0.0
0.038558786346396964,0.0,0.3157140945367202,0.0
0.04993678887484197,0.0,0.4471198009348823,0.0
0.0638432364096081,0.0,0.5543598791749402,0.0
0.3324905183312263,0.0,0.7290734277432965,0.0
0.5,0.0,0.8111635481079338,0.0
0.6649810366624526,0.0,0.8833527827549826,0.0
0.8305941845764855,0.0,0.9511991465443033,0.0
1.0,0.0,1.0,0.0
