z_real,z_imag,target_real,target_imag
0.09944751381215469,0.0,0.4076673535955964,0.0
0.2016574585635359,0.0,0.5849832383112382,0.0
0.3011049723756906,0.0,0.7770134785376915,0.0
0.4005524861878453,0.0,0.8940845101251961,0.0
0.5,0.0,0.9204214219075131,0.0
0.5994475138121547,0.0,0.9751281802528399,0.0
0.7016574585635359,0.0,1.0,0.0
0.8011049723756906,0.0,0.9686874868647479,0.0
0.9005524861878452,0.0,0.87624225107086,0.0
1.0,0.0,0.8796594991165169,0.0
