z_real,z_imag,target_real,target_imag
0.03125,0.0,0.0,0.0
0.09375,0.0,0.0,0.0
0.16666666666666666,0.0,0.19189893673621708,0.0
0.22916666666666666,0.0,0.3722347408999777,0.0
0.3020833333333333,0.0,0.49661575229091376,0.0
0.3645833333333333,0.0,0.6273312903492467,0.0
0.4375,0.0,0.7627695512884731,0.0
0.5,0.0,0.8690749470102426,0.0
0.5625,0.0,1.0,0.0
0.6666666666666666,0.0,0.8392039558047044,0.0
0.8333333333333334,0.0,0.8628108529566724,0.0
1.0,0.0,0.9741490418298057,0.0
