z_real,z_imag,target_real,target_imag
0.09977064220183486,0.0,0.2573056767916074,0.0
0.19954128440366972,0.0,0.5404972839178047,0.0
0.29931192660550454,0.0,0.6632222553317414,0.0
0.4013761467889908,0.0,0.7538443167100867,0.0
0.5011467889908257,0.0,0.8137243978131157,0.0
0.6009174311926605,0.0,0.841048939928762,0.0
0.7006880733944953,0.0,0.885160786715728,0.0
0.8004587155963303,0.0,0.9500937922343435,0.0
0.900229357798165,0.0,0.9914375867498676,0.0
1.0,0.0,1.0,0.0
