z_real,z_imag,target_real,target_imag
0.10475617098133655,0.0,0.4947077169888011,0.0
0.21071643588199881,0.0,0.8231348305692495,0.0
0.31547260686333534,0.0,0.8931721758451665,0.0
0.42022877784467194,0.0,0.9231253117004143,0.0
0.5249849488260084,0.0,0.9564151662527028,0.0
0.6303431667670079,0.0,0.9858068395390789,0.0
0.7338952438290186,0.0,0.9913308481952697,0.0
0.839253461770018,0.0,0.9765261218198883,0.0
0.9440096327513546,0.0,0.9930005295407152,0.0
1.0,0.0,1.0,0.0
