z_real,z_imag,target_real,target_imag
0.026743075453677174,0.0,0.10358522534519572,0.0
0.0830945558739255,0.0,0.3034692152911101,0.0
0.13944603629417382,0.0,0.5127486609987191,0.0
0.19579751671442214,0.0,0.717183215129701,0.0
0.224450811843362,0.0,0.8095663737335802,0.0
0.4546322827125119,0.0,1.0,0.0
0.7507163323782234,0.0,0.9852226660461418,0.0
0.8309455587392549,0.0,0.9797008422053053,0.0
0.9723018147086914,0.0,0.9910734270646112,0.0
1.0,0.0,0.9913320416447681,0.0
