z_real,z_imag,target_real,target_imag
0.09951456310679611,0.0,0.20216679525056352,0.0
0.19902912621359223,0.0,0.2723827594930944,0.0
0.30097087378640774,0.0,0.40126619385732526,0.0
0.39805825242718446,0.0,0.5868963909200374,0.0
0.5,0.0,0.7531160773145358,0.0
0.5995145631067962,0.0,0.9353696332993623,0.0
0.7014563106796117,0.0,0.9505637926702547,0.0
0.8009708737864077,0.0,0.9954260419292629,0.0
0.9004854368932038,0.0,1.0,0.0
1.0,0.0,0.9331954053134808,0.0
